5c80d968-7c92-4000-8cf4-5364330121c8,0.20399147
c16f12d1-c6bd-4d33-b670-44b40ecf1fe8,0.9819077,0.9902843,0.91269773
23ac589e-d2a8-412c-8c3b-d169f38e8063,1.3707279
170551a1-f0da-452d-b6ae-bc0d681bbca4,2.506731
156dea1d-9479-496d-b6f5-79a649548415,0.26485628
49f309a6-9ae7-41fa-999b-6732c28eb997,1.0567223
9cf9d13d-874e-4dbf-a7f9-412a59e3130a,0.9477707
4fbe32f8-feed-4cb2-83d2-38d16648a76a,0.27267483,0.4830336,0.9482081
506d9749-3e54-4466-acf2-9217cead42b8,1.1576961
b40e9fdb-f9d0-48c9-a45d-49d52bbcad57,0.83626413
dc211ad8-5590-4fe5-9e03-fc196e288f05,0.24240637
772d218a-bfc0-4de5-848e-903b5c267728,1.6612018
25d905ce-9a75-4b71-a0a2-106076eb08fe,2.0366192
73620c07-c723-4663-9abd-670b97c883ac,2.6034806
70b99897-a95d-4d66-b651-c76aeebfcb48,1.271962
f2505f3d-956a-4cd2-a13b-1b254eb09147,0.060818046
d640dca9-fd2b-4785-8afe-324b85b16f33,1.1902477
6eba1475-4657-4b0b-bc9d-82932de36d5b,2.1830611
309a2cb8-3a37-44c8-9ec3-8e18b4bb971d,0.9459325
80cf1855-0056-4b93-9759-a55dc50c0e9d,0.3044483
c2b05eb3-8d4c-4657-92da-8f5f237219df,0.7290081,0.5119943,0.55378944
30fd6182-6369-4c08-981c-cf217959488f,0.33196968
21eaeb80-4b37-484e-a675-2933e5859945,0.3560202,0.49931106,0.77590317
091ecbdf-602a-4198-99b5-1a465921d89f,0.43961462,0.54345036
e7535e63-0fa2-4fb6-88ea-043d03787eae,0.73506993,0.9175123,0.92699903
19b9483f-fb7e-4fad-abe6-de00fb7e1331,2.3347118
f349be0f-c80a-49fa-87fe-2491338c910e,0.0957309
84cffb62-b7c2-44fe-a1e5-24e882a74928,0.8862432
ba82bba4-a241-4587-af3c-8125fc9007ba,0.6281097,0.3181199,0.48486388
84189abc-7584-484d-9e5f-0d4781a41055,0.25768852
3812149f-1067-4e19-96bc-806115784501,0.0
1cc69fbc-ce9d-4c11-bd75-ceb7a4e2f2fa,0.3796634
05a278d4-3421-46d0-a843-fbaabd1d64bf,0.20958471,0.16391551,0.0
3d2070ca-febf-465a-97af-f2e6e6b52f4f,0.50803095
e56bb600-9594-4c9b-9b30-c12786e00b4d,0.12694886,0.22999567,0.22190067
220207f0-5e58-4523-9004-8cb9e78c826e,0.41315806,0.3604862
e9e2fa35-81e3-4d79-8343-bcd68627a85e,1.0657334,0.8028906,1.190815
280bf22d-1b7a-4cd2-b9fa-df00bb2a08a3,0.80384684
0c593c3f-6636-4f0f-b9b1-f489c1cd3852,0.13794643,0.25336352
e9a07403-31eb-449f-9348-7b2dedb335e9,0.23680824
fe220241-3711-4eb1-9473-22f6eddaae47,0.45956182
320c3116-8494-426e-9656-7167bd3918e7,0.83380187
747ec855-5a61-465e-8282-a8a17e9aac86,0.22205403,0.12630162,0.0
1dcf5272-ad9d-4573-96f9-634cb0cfcc7e,0.9290566
20c8d23e-fbda-46a8-adcc-2d132c7ef73e,2.3172634
affb1cc0-295a-4a7c-984b-c748c5e31eaf,0.16657192
c6896416-d044-4e4c-a975-f6381494283f,0.6959534,0.8104222,0.8483993
022feb7c-8c8e-438f-bdf4-c9acd8116527,1.228951
13904082-3f98-417e-9e0f-6d9f33407f4b,0.979415
0350a685-4689-4792-9027-b8e71caba3e6,2.0732152
75ac223a-480d-4160-8555-b9ee5113e9e4,1.6588788
56b0a8ca-6032-46db-a0ec-195161a67a5e,0.0562298
5dd14176-5c89-4ced-ae6f-57d70b66baa2,0.12853324
ab1182dc-1fe4-4805-aa0d-1a70357788e7,0.80644035
dc239a31-3c90-49f7-a41c-07dce449e423,0.22673166
f1912101-4942-4f36-81fb-7a7c5d20fbdd,0.0
023e9500-8271-4a1b-a9fd-7cb667059a2e,0.22620401
a528f9f9-1d1d-4e31-a626-d69ca30b1f8b,0.40286258,0.56928116,0.28304538
f69e81cb-85e8-4831-8fc3-853e48f88cae,0.31692353
0b93f094-9b08-4f9e-b432-c0d4fdbc7791,0.41019943
83f9b27a-02ff-43b0-a5f7-5005864be79e,1.4827943
ed0f79b9-cf14-49eb-9ecf-e868fe9f275b,0.9697092,0.8728417,0.84095156
dc749c37-8439-4fe4-913f-4bce9097f037,0.0
b71df67b-4aad-4d70-92ab-64b2649cd2bd,0.4565995,0.48927274,0.4783351
c7c19dac-b230-4da3-9dc1-6ae4feff019f,0.35404688
441ff3ce-cf87-4083-9c99-d0f12676c5a4,0.6667229
1996d168-5a73-44ef-8972-3e4853a59002,1.0076803
f260465a-1197-4f14-8697-166d2fde1f07,0.8098285
c0b83015-677a-46fd-9db4-c57cceb5cde7,0.952358
5dd58951-8b6f-4e2a-83af-0f649a57707c,0.21733639
371055a9-9e44-455b-9631-274193f803d6,1.0066578,0.8112787,0.62600106
0a237c3c-96d4-4581-87a4-883048b9fd69,0.40938097,0.4718749,0.78467023
6877b35f-474a-41b6-ab7b-d9fdcd3155ca,0.9655864
e43545d2-b577-43a6-8c7c-df5f9781cc2d,0.09342086
2ce9dbfd-141c-4abf-b6e5-b9d4d672a563,1.033934,1.1066668,0.5116662
0edb7852-fec0-42c6-a673-0a95f78e8e16,0.7137749
898c2a11-870c-4d48-9591-943cff749fcf,0.2678283
41616f71-8d37-48c8-a322-c0306c6901d2,0.3605753,0.21735558,0.5610494
9df1706f-4e3a-47bb-a408-718d6ca749bb,0.23628536
bd12c63a-61e2-4868-8bc5-d2288ab1afe7,1.1646268
baef7ea8-d715-4437-aac0-027d67fc2020,0.32638782
b055f815-b41a-4ac3-a25c-20316e64c200,0.30877683
73244280-7696-49f5-b298-5c68a1a675e9,0.0
5727bd2b-bd24-4f04-9f14-35eecb001a04,0.5555028,0.15269992,0.35397443
bf7585f9-fd2c-48df-8e30-aad8eba7c282,0.8378929
9bf0eea4-d234-4b37-a3c2-92b68940cb16,2.144843
51a5cf07-e78c-4963-8544-e2de54e81a06,0.4222475,0.096193075,0.15284279
244de280-417d-47b3-afc2-e5f25928a968,2.0888448
13dfb209-722c-4582-b1e3-21a89fb898d6,0.7474267
7eb08978-c62c-4383-a9f8-1ca39e22cf15,0.1049034
7fe44b9f-2e5b-4af1-b92e-a51ee8104144,1.2489139
a0d3479d-0421-412c-8d64-fa27136f2a32,0.42572767
fa1fc4d0-66c8-4a95-83f4-2d8437361c4d,0.011770934
bd3f0deb-cabc-4cf0-919f-aead8aa7c172,0.10244635
e4ce5046-7b95-4217-a8a5-68727a4623fd,1.0631272
d56b9f3b-868b-4cc4-b3bb-34f8041544af,0.6383789
261f3e80-c0ef-469e-920a-3419b3437272,2.2187362
e51dab93-7f7a-4e5c-977f-35fcef4c4d6d,1.3652713
ae18e2c8-8540-4583-909a-568c3e594a3e,2.3751488
a92a1d0d-12fa-467c-b2f3-5d6562dd31f7,0.0
988d8ca9-d133-4dfe-92e9-78dbb6728284,0.5966876
acb562c0-3c27-4e8a-be6b-4f8a2726d624,0.0
8d73d0f8-bb0d-4fda-9d48-761909bc0b1f,1.0012758
5dd7f0e8-e06a-4aaa-b18d-44e01390731e,0.80151427
7d9044ca-6725-42c8-8ca6-856d61db4dc5,0.4934033,0.46912274,0.64346707
c05c6176-d4df-4fd3-91bf-6c76c3a157b3,0.05107367
433d1066-4e27-4434-a50b-c3d6b1a0e7fb,0.53597724
2c301458-ef6b-4d3c-95a8-8a5e42998e6a,0.8516604
413e792f-51c4-4b96-b08a-666bbc38ba26,0.64531547
22092cd3-5a81-4f30-9e69-5f0d3347af14,0.16392443
281ab512-91a1-46bd-a8fe-8cc820cb1b27,0.13758266
d5b1f79e-1bd6-4dea-b02d-652a6423a5a4,0.64416236
4d135e04-29bf-476e-aa5b-a7d60ba4df14,0.12571397
46e3d7ac-84a2-4595-a6fc-b98552c485f7,2.1974492
aee23149-80c0-49e4-a7e5-0d4a5e6f275d,1.3197342
1f518a9f-5dcf-4706-bd61-27941f46a9c9,0.6160702,0.43632013
f4b6ab91-a8d0-4cb3-97b5-50bda996520e,0.32427952
a69ee2df-3829-4dd2-8f80-c1e3e912cce0,0.32299483
db1f4aba-fbbb-4b02-96ea-b31fb0f0fdbe,0.94669497,0.9475398,1.2688631
e22321ec-8780-4487-9a04-f24a8a6eee68,0.62580776
ddb8178e-9b5d-4146-9941-bb24e1161c2c,0.06471509
7d071fbe-6359-4a12-8dd1-6eb5ed6326a6,0.33213884,0.083569705,0.13315737
b455e3ab-cbd9-4282-b464-10b5664636a6,0.23196334
955db39b-f2ab-43d3-807b-c8001c4c5aeb,0.0
bbee12eb-294a-451d-84d1-7e6f4227280b,1.3111262
9c5542a7-d0bb-417e-ac5a-91aa8a0e06a4,1.0668871,0.6011867,0.92993903
15445d85-4081-4bd7-bdfb-fee52df65bdc,0.07651654
a852a9fe-0433-496f-bcaf-c2ebe56f19ff,0.27121738
3dc31514-15c2-48f9-a4c4-bd88078e07ba,1.1066043
4bcb3a76-9009-4afd-ad05-1f472e142dbe,0.63446367
c33a3bfd-1a07-4bf8-a2eb-b5b355dbbc11,0.70800275
aff559bf-c5cd-46d8-9802-265f78ed8688,0.58273125
f3682d9a-4104-4409-84f5-186dd99c3251,0.9678755
7a04c770-40f1-40c8-8f87-3e5172ab583a,1.2555895
d57cf856-1c77-4fdd-86a8-3e06dcb32cf2,0.1639764
bddf495d-0bc9-4105-bb0f-db58ab1052c8,0.44859752
358ff1c5-0b7a-4c35-8f72-d71d347b8b9a,2.3409607
cd952c10-bffe-4b96-825a-9e45abb8787e,0.0
3c4f7706-0759-46e0-a415-cad657fcc179,0.8109178
e94eee19-58a8-485e-b7e6-627ef92f5d32,1.5886658
6132f1f9-46e8-44af-b1e6-d4522e983eb6,0.1441643
663958de-e8bb-4fa7-8801-4f543c7a1677,1.9402269
243fff4a-69e3-4975-8855-06fed5692bd0,1.1884756
6d1bb4ea-a7f5-4c17-bd91-6de5f65b8e43,0.01785183,0.21162084,0.48867458
9cb8f12b-572e-41dd-870f-219e9bc59fb3,0.18288237,0.45381632,0.85042095
c9f08fee-7fa1-49d5-b82a-1f25e76c11d6,0.58220243
60eb20e1-ece1-464e-a2e1-68e9504028b6,0.18541646,0.0056878924,0.03145656
76a0ca76-ea5a-4495-8677-59f28224db6b,0.98044765
b328323b-3a59-4bc9-89fd-163608f83a67,0.25986105
e8e59d6f-54f9-4b49-a82e-a0599036a01b,0.6074143
22f6b2b7-d4e6-4066-a2de-0e2f3a62ee65,1.5461465
dc4d658f-c7d8-4afa-86f3-216f01448d6c,0.4458474
04029adc-f6ab-4f68-b8fd-04076cea597d,1.0146334
68926476-bb8e-48eb-81c4-3d4aac9055f1,0.39676654,0.46701798,0.3975384
04f49117-f5a4-4f16-8683-e5217925a9a6,1.0003946
d9b2b142-dfb9-41c8-8a0c-1da2392e5d10,1.1087168
0deb6934-9a43-47eb-b10d-cb981ecc1a33,0.645482
c435df5e-13dd-402b-9cdc-2c4486fc38d5,0.4528626
974906a5-fc9b-40ea-a46f-80ef39f92c1d,0.7580333,0.99075454
64985b7b-f50f-4197-aae4-7b7ca8f2e11a,0.5688317
6a05f9fe-5e74-4a07-873b-5b825c2f2194,0.0
5e8dd13d-835b-4dc4-9672-ff9f389e47e0,0.12672946
f6acded9-1a10-43a2-8adf-1c852a9b0dcb,0.061283886
38185b7b-24bd-4c88-94a9-8744df26aa70,1.1540654
2c73b02f-9a5c-43bd-904f-15fdc568b903,0.0
bd1c3fa8-a239-4ffb-a5bc-31eb5e2dad16,0.13163942
d78da232-4dcd-44c4-a649-80d8be3934fb,0.0
058234ec-a5b2-4227-b8ee-af6b0e32b820,0.112053245,0.3391489
33462b33-21dd-4554-804f-bbc9218897c8,0.0
ac47212c-bc4c-48f9-9d08-e5507bdf2490,1.157854
73f4561c-1d18-45ba-b42a-9e294a147bec,0.4147543
d988c60a-c1d8-4c6a-ada8-11e5d80bba5d,1.1352519
387255a1-9a39-4c0f-a5d9-11a35e8f6f97,0.5897875
aedbc258-d8f7-4a99-9cfc-6efd6aa4966d,0.15963203
995570a7-dd53-42d2-958a-d7c20e7f9ec8,0.049477607
b56726c3-576e-4e8d-85c3-adb471e8eb42,1.3707938
2a673542-8cda-4725-afd5-f8149dd647db,0.0
241a2496-ce03-493b-bd65-05a4dd38c169,0.037798733
0c416dd4-9e1b-402d-bae0-95412d2863a0,0.078375876
9afe4f12-18cf-4457-9f15-d90528b7d0e2,0.68719023
5db1bb11-a78c-4083-9d31-d9b3e7c9d9d8,0.073394954
d2c15ffc-499b-457d-8689-d7e4eaa93d59,0.5990554
a4369061-a1d8-4333-8bee-3bea42d45cc6,0.6944412
b0d497a9-195d-4228-b80c-fe67d80ac5ed,0.32805496,0.5847837,0.7697122
77c51cd0-fd06-4f71-bbab-105c1398d9eb,0.27575958,0.43084764,0.24269304
5f44f6ea-117e-4b4e-80f1-63df0dae914e,1.2030976
2ec01f50-c935-45a6-aa08-7dd3d216455b,0.0
3f81b523-2a2e-49b1-823a-5d2809ab1463,1.1801002
21ce8bc9-1d48-45e4-8f54-91052a44b510,0.8995851,1.1649885,0.9388576
48f235f3-9dc4-49a6-a257-2577bb1774e9,1.1454523
01cd60b8-37d5-483c-ad36-ef0dc746203f,0.19113037
aaaedb6c-c555-46a4-8b54-8dad751f07f8,0.65932393
49af4f2c-fe13-4b54-b670-7d36297bc7ac,0.27801523
ec9b9d37-06a6-4962-98aa-656314473c05,0.7306699
ae63b1d5-7e64-4ff1-874b-430f178a9e93,1.1363899
30255c2a-5f14-48fd-b092-b900dc62dd21,0.40914932,0.20213526,0.588799
2b378d70-c169-4691-9962-61e1fcd59ea8,1.0998306
0e80673b-8c90-474f-8388-00fdf25795e4,1.7920035
97289e8d-3b03-4da6-ab62-3771ddfb1670,0.09290865
c6577df5-9a7f-480e-8ea7-abd46a3e74de,1.3684428
dad8b89d-8325-4b72-8aea-71b5dcdf0551,0.27326304,0.060082257,0.017839372
4df40f1d-9c22-461b-b1f9-dcfc6a4db419,0.70439035
88a90a82-9d71-48c6-9fe6-2248c4e3631e,0.5652821
9372ce6a-31a0-4cb6-875c-0f40d89334fc,0.00011995435
5f09c2b0-c406-40bc-8aa7-db587c402952,1.1860068,0.50678694,0.5318252
a7b61d40-9f26-4878-a2d7-bd766b8ae6f5,1.3081534
aa9a5962-810a-4953-97df-8b1b50b84da6,1.1072576
e5b882d4-9e59-4b26-86f5-32529f328a98,0.40636486
a66069e9-d744-4ffb-8f4b-5df7b3ca5822,0.055387884,0.07543194
69a43336-fad0-4f42-bf2e-786f69c7f405,0.0
081e46af-9390-40d5-a95f-e332ef15cc7e,0.3328769
5dc6a59f-a319-4983-a07d-93351b5aa2e4,0.0
6ceaf299-8202-4590-bf51-493d0fc9ce6a,2.7161803
18ff6a3f-ee6d-4753-8a5f-a7c11a4abe29,0.12371263
cec373e7-4459-453b-bf4c-e7d938f35291,0.0
e088de9e-769e-4820-b86c-91f2b99d61a4,1.4010018
d5cd8e93-748d-4211-b2ee-9a6d19967f3c,0.4651701,0.15937921,0.032551616
31e84552-7c5c-48d1-a2ce-2dd83e322824,0.0
a53c7b13-1dee-439b-ad84-982669264c59,0.24821752
d3dd9fb2-4661-42fe-9409-1fb08727c165,0.5023225
978f2b80-b1c3-424e-adbd-8bf180257d83,0.27627498
1912b1f5-6ce3-4835-94e6-21a645f7d33e,0.035321623,0.07666901,0.0
b65a8ddd-49ae-450e-826d-eb650a84162a,2.5254796
60e6bb2c-c6f9-4eb5-8d8b-91f87bd78d1d,0.07762939
d7df7471-2cbd-462e-b642-c00e0505a604,1.1566563
b048f8d8-ee5f-4d38-ba3c-89a06eaf5c3c,0.0,0.006703466
d503a719-a6d8-4ed5-824f-ef2ce037c44c,0.2267358,0.28584522
dd176e63-f6c3-4a17-beed-8dfae91a121e,1.1361693,0.8165432,0.8472636
be3506fe-d461-4595-850c-8931714415b8,0.29260498,0.09843102,0.31587237
9eba7b7c-5e4c-413d-9331-20a18da261ea,1.3862392
3c00152e-4195-420e-8896-d25c761d451a,1.7136346
711a4f48-0edd-46c9-89c3-fe8571fcdbfd,0.92886555
808d67b5-d160-43ad-bb24-2871310c0021,0.16953298,0.075392574,0.056159616
90c2c320-1007-47b4-9f8e-cdd37067dfb2,1.7932025
a399ceba-28b7-4138-b917-d31c136faa2f,0.09185466
42092798-e1f3-4834-b866-8f6ab7242f9d,0.03537488,0.043570995,0.25197253
63e82d2f-b54d-4a9c-9355-d09cdc404619,0.98006827
c90ccfe6-d18b-405c-b26f-dc1a11707433,0.21929175
a35991c8-9f5d-407b-874e-b49fccd92c19,1.1342347,0.9236442,0.7928883
003ded56-c3d8-4d24-8dac-5a6a1c6b0943,0.21080118
0f85157e-d665-4739-9620-ac416b6d8b22,0.7526807
13968696-a392-408a-8561-e613a8e1a71e,2.255104
4f494767-2c25-4a6c-b4a0-cfb702172f83,0.46754628
093d7fec-fd7e-407f-a91d-fc965f57f267,0.31007296
4f49b02a-d5c3-43bf-8b44-911bfde150bc,2.7273588
89dee654-f569-4871-b9a1-3e930df073dc,0.78332067
5d9f162a-44d4-4b59-90ee-6ae47e44d786,0.0
21393024-9574-4267-833d-4ca0d1acb5f3,0.0
a9108b24-3601-4cc6-8b31-cb7e644e5fbf,0.49517354
869d7307-940c-4f6b-a337-a3b1cb03adec,0.0
39f230e3-1afc-44c3-82eb-0f14f4ace351,0.83994675
ba422cc8-8776-4578-9396-5a5e42c3f5fb,0.9818046
b2f697c8-7c9e-48a2-a6ac-4a4e4cf21286,0.09657529
7e71cb5e-d0b0-4eb2-975f-dec0c6b11d3b,0.2165424
57ac5b6b-a7b6-483e-8566-aec5911d44db,0.49238032
85d29fb1-ee55-4c12-93ed-827d4c71aa24,0.11501163
5c198653-0c42-4962-b2c3-56cf61de8a9e,2.2697206
fa276b18-f2d7-4b4c-97f3-760e36c0358c,0.47537842
e6a7dfc5-3348-47a2-88ba-2df7a736f1ac,0.4975026
42a556ed-86c2-4d24-9357-3e805a8e1c24,0.18058854
0142fbfb-928a-459d-a8be-5828a79a79b0,0.0
379fd23b-e38f-4214-8a70-7a829004359f,1.3645813
4970ba18-02ef-434d-9fb8-16007c866121,0.92535806
17c94803-e6ac-4549-9cbc-d70ca66446df,0.17158678
baf0a52d-8f24-4326-a87d-7ad52ba0a6f6,0.070830286
66ef585b-5ce8-4421-a120-bcc4f57ed604,0.29144788
103e9f8e-7fc7-4736-b3af-a7782ad1c9fb,0.11828542
85dd4eac-4f7d-4232-a445-fe7af016c347,0.77877223,0.734843,0.78979534
a715c455-b796-4492-a30b-995653ed5248,0.18287975
52b56a53-2df9-4042-9015-0f22c8c13308,0.07954365
2753487a-f031-4cde-935a-ec4f685feb74,0.28179693
37b99284-58b1-445b-9613-2c54d23dbe10,0.66107523,0.68274903,0.63488084
6626fbc8-c875-4df8-b92f-e06a2223e236,1.3982737
1d4dedab-eca3-48f8-9e29-c4054224af62,1.7391223
95c81e0c-e18b-4adb-9858-7274e7cd0fdf,0.0
b2d17e6e-5fd0-4797-abf9-c3dfa18a2dd5,0.0
9e4592bc-4cce-4fa1-b7c5-dd40d77d66ee,1.1630465
cbdb3aff-d2ca-4b9e-94c1-0faa0005671e,0.7591872
1a276bf5-db32-457f-ac8e-a343b2b6cc1b,0.9672341
b699c62c-eb4b-465e-8102-a4717777de22,0.0
663274cb-3b81-4170-9d98-4ac5e57b57d5,0.25376928,0.3688954
9c6906ba-381d-46a4-afd2-52ec66bdd3ae,0.89394665
69e27f60-e2a8-4dbc-9f1b-1f1f162c8bb9,0.9537983
d6f6960a-8efe-4693-8e9b-db117e61c388,0.14860362,0.17909956,0.1848501
6c9921a5-ff26-496e-9eed-56c49546f50d,0.015324503
cf1f3a28-d711-407c-bd52-ce34bef4a9b5,1.5013298
bcddfca4-138b-420a-a45b-8ae5871214ac,1.0389081
07afe057-8741-4232-b058-65d1476bcee5,0.09035516
2d127acd-3ce9-432d-bfec-5e6696a51a96,0.20815298,0.3995376,0.14026046
12087096-f9e7-4a50-9205-3d125ae29c72,1.5117339
b42aface-e443-486a-8fbd-99308083d9ed,0.53021723
dce71d5f-c17f-402b-8d1a-9fe931c546ca,1.0209618
1b640cf2-2da1-41bf-b5a4-a0de1d1aebbd,1.0107335
358324fc-a857-4bc8-82e1-9701c05b296a,1.0044411
ac97480c-ff28-4c70-af61-2f31b157f48f,0.54862064,0.34225672,0.37619776
df3db2a0-e5a8-429c-bc02-1aeaa7678f00,2.875782
a8da560b-75dc-4057-be8e-68a81f710c89,2.370469
d8df83e0-ef63-4636-a3b6-f4438f58a702,0.7721052
e14037e2-aabb-4e06-a065-ed5648decaae,0.25767928
0e1a7122-e814-42da-b7ad-fd806af28f85,0.74648184,0.51310134
560da91c-d214-43b9-9387-2c3ee8da25a6,0.33088106
70de5779-e5ce-4056-953c-bcd7cd2b5c95,1.2151963
733c802c-6707-411d-8c39-0d3fbd0ab076,0.23558897,0.30237594,0.0
b84487b8-5bd7-4504-894d-85845af28de1,0.5448986,0.39117032,0.6410824
b904abe4-5322-4a8b-9161-faadb0703206,0.0
aa432d1c-66db-4b72-9091-d3358393185b,0.6285758
d8c2f03b-e238-4db2-8c72-0cb65967bc96,0.29219186
79245cb6-80f1-4503-a9f3-4a6d8046c498,0.027796894
4b4f3bb1-7ae2-469e-a52a-fc97dbead1d1,0.54879814
68d2a170-4f83-4126-9d3f-a2674bea7bdd,0.83425534
67d3219f-418e-4472-a9c6-9e2f036fb2c0,1.0492804,0.9108141,0.6433374
4b750e02-cf02-4aa9-bdc7-4a8c98a3ba25,0.0
5b081e11-d574-4982-8699-f57383a8ae68,0.10182038
3b256c28-4bed-457e-9752-f3c77a8cd868,1.2658055
e2cf0494-82e1-4a8c-a5b4-96d77a06af9f,0.68981564
d6463078-a4dd-41ef-a720-5e71913bdcfe,0.1798245
0e16cf6d-301a-470a-b4a9-3fe8fe0ef946,0.0
c1faf956-f3a1-4acd-a698-fc185da341e6,0.4730184,0.46811128
fa3cb32a-5efb-4860-b676-564b0b3b30a8,1.1395375
f3c390ad-1701-46b2-92c2-7904f4c50d74,0.0
501cfecf-165f-4031-9131-89124ebcef05,1.0811322
d7757de7-1f5a-4dde-baf2-5af2d102b0cb,0.18818393
a8708af7-f812-4602-8532-966e3d6db08b,0.0
e1111e01-6a0d-4478-aa7f-5846783da60a,0.18907988
51a2f2dd-68e5-4c82-91fc-510e02ea15a6,1.1210291
2e2c36d8-62ce-4c14-bfa7-97793d7bf418,0.79637325,1.0786436,0.94808483
7d312d83-cca0-4bd1-b912-de8d4124aeea,0.3044971
0cb3877f-4920-403e-b694-4dc7a01e5b64,0.0
2b131215-f75a-4352-a93a-d7bb868c9878,0.56195396
5fadd230-5921-4281-ab23-e57e63651873,0.69045365
7300f730-96f1-45f5-881f-062ffceb260b,1.4100633
581e7295-69f6-4c7f-8b29-bda206262682,0.7998974
ed012ca7-b29f-438f-b57a-acbaeaa5a5c8,0.7140968
b80b0c02-cc84-439d-a86e-47c568974f7f,1.0449531
f1082d5e-a800-4084-8a2b-37077759a851,0.28121507
12932cf6-b26d-4c5b-8e81-d88f8969bc57,0.44510365
ca02c68f-fc57-45c4-bb8d-7b9340bd2635,0.59795487
21119dc6-a587-41e7-abaa-35ebcb80a122,1.2523108
1544040b-8dd9-4597-a092-135eaf213f79,0.0
fbe39d84-1080-4245-87b5-f0e96382f097,1.999399
62747566-729a-41b6-8ba7-7193e5cb451c,0.5570918
7ad3aa50-4362-4f54-856c-556f398a2da1,0.82331026
14f314b8-da4b-41e6-9d44-2156cd156620,0.27320892
fc851afd-133c-4e8f-8deb-0079cc442358,1.0174154
9701cc80-f09b-4b34-a5ff-561e58580c0b,0.0
d2037032-aaef-4e9c-9c12-f4c43ab60c7d,0.4668392
8fd6cce1-c808-4b0b-a91e-3d3084753858,0.0
6b13f5f8-3403-488e-bbcb-6af92eb295ef,0.03401366
22a1e104-d871-4270-9ad4-9bc26d5ca248,0.24345583
c5ba235c-d25b-4d32-beb0-b4fed79ca38c,0.0
a3832cfa-0cc9-40ba-ab33-ba0afd18aa4e,0.8310298
738b775e-a1a0-4c0e-879d-d1db8a12aa41,1.5297626
716a2dd4-8041-4e8a-936d-7accfe800a86,0.2384226
39d1af70-eb4a-4fa7-a96f-8b7d1697580d,0.92379993
a2a456ff-a8d9-4dd3-a9a3-525bdbc951c6,1.1480675
1095910c-dd62-4d6d-b57c-00668181ff17,0.5157678,0.57919204,0.9623204
69d06ab0-8013-4e74-b4be-169fd49d0e4c,1.3707614
3ce83d4c-f5ac-4ade-b5d6-8a9e44a0fd41,2.612475
dbb05a42-e623-44fa-bcd3-fd5034e364db,0.7670249,0.23147097,0.4915946
7c42db52-b2df-442d-9f2c-94797af38941,0.60092807,0.32279682,0.35581657
a7caf234-9524-40f7-8066-a0f14d09978f,2.3479767
e5fbdb4e-1f83-4a7e-8ff5-376ca5aed732,0.049129874
8d55056d-bca4-4fb6-a6d1-0d74f53c055d,0.5398508
853658d8-162c-4389-a606-6eb5d414ccd7,0.9287088
47160a0f-123f-43d6-8ca0-56fc5e6c9fb2,0.08027649
479e63e7-6436-4acc-ae8f-ecf64f0f1132,0.0013549626
6b6ae726-bd67-4f87-8526-000c03c1285b,1.7248913
7a806e8e-6191-4b77-87e8-362bb37872e7,0.31827092
87705800-ca20-4657-9a62-0489fa91dbe5,0.58493763
7bf03ca6-0550-48a3-83f8-31a1deb48cd3,0.20478633
28f5b0b8-9e51-44f7-8a31-ef758ffc78e1,1.0205448
98f22e40-9bc1-43b9-a9e5-ace4a60a4d7b,0.9197699
1e0b9685-3c5c-4e07-abf7-4ca4112c3d40,1.0334334
c651896e-7b27-45de-83fa-d97dd76e25d5,0.3202845
2cdc5e43-8aaa-4646-8dfe-32187157e58e,2.592531
37dd73be-81c4-4d59-a3a3-c98051ef2bf0,1.1333501
a31d1d73-dbc5-45f4-9399-6d0a1d31f822,0.2450872
bf2d7148-91de-44bd-b9a3-e29b1c2598c2,0.0
26abe103-f7e9-4b22-910d-f1efbffc4932,0.27240348
2456e72d-ef22-4d53-bea0-9408a195cf9e,1.1607366
436c4c00-ea8f-43ee-ae21-997011ed908b,0.3194136,0.4503412
a21c404a-5b00-4381-b75d-4c00f6215c88,0.5053644,0.7827633,0.8260544
e3a5c8f6-8705-47c6-8135-a4c33ef9b9b5,0.004142046
5cf96612-b2f5-4633-ae75-203a1923e15f,0.734996
bcab70e7-79a4-428a-a3bd-d2fca552d200,1.0964787
38516741-f356-4912-8bfc-c8af2ff4889c,0.51156044
daac0651-f380-4f83-8539-96a965c90539,0.31347543
92f886e5-e234-46ca-8ffd-8a4c09e7b970,0.570981
22c50d1c-e021-4e8d-b3b8-3d0951870419,0.055738807
9442c646-6235-4dde-80b6-51af27fd5f22,0.98703045
20806017-2c83-47be-b584-9907d236c37c,0.0
3185e61a-ea2f-4d65-a698-12e1e7b9ccb1,1.0605817
cbc5e471-0bd8-4fff-a215-2624fab9df52,1.1900067
3bf151bf-8928-4547-9ba1-ae32cdda002e,0.2837017
2f3ddc79-1cc3-4cb1-86c7-d1cc164cc9aa,1.4205432
4f335fb9-178e-4c17-8933-c7d85c0c9d25,0.22951448
406ada2c-86c6-4bcb-b491-72c82d7089ab,0.22386453
95adb9ef-5872-4b1a-a0a9-dc6539e42790,0.29598814
866d95d3-4026-4826-8db6-da3694e9313e,1.0702775
e5fc7c29-5d9a-4488-8cce-86c14853fe0a,0.0
ea52fa28-f421-4e3c-8e18-9a620765b0c3,0.9472132
2dbff0f1-bba4-4845-8a58-e8f1cd5f05ef,0.92270565,1.2223245,0.7494094
78327267-843b-4975-aa1a-b81bb7339749,0.0
ec2f6e9f-f31d-4cd9-8f59-c28988b4def9,0.09045872,0.5783417,0.1526854
ac1b0ad0-83eb-4895-b494-0b584deee6ef,1.0132866,0.85852355,0.86215144
d2c6d64f-f146-4d00-b0e6-e71b5767c79a,1.6819146
4e33c3d7-2c4d-48ff-879b-d21d012d4d44,0.9355643
9690fe6f-6d6f-413c-8712-6cba24c1c0af,0.048446923
e4d0c583-42f5-4a42-bf7e-a7236a147a3d,0.23169544
9e548d62-1823-4527-801c-f4478d260e78,0.5479498,1.0922905,0.92847776
a6451c86-d853-49f2-afc6-fba8a0a6dc24,0.4990713,0.03226936
6b4f601a-e7a4-4be6-8580-42b4ac67fdc1,0.5258616
86dbb6e5-fa50-4a3a-8ef0-6689df8cdc3f,0.19466591
5f77ef32-1dd8-4587-89c4-f3e261d21b67,0.0
f2c81fec-075d-40be-afcb-bc3351fae6f2,0.19213277
daf3f51b-a409-471f-a99f-84ad0c8a3adf,1.3670478
120606a4-7363-4f0f-a808-0630b4e0276a,0.14596277
438a093c-6dd1-466b-a877-339e1e6b6d8e,0.084965885
86e5656f-9eb2-4c22-b4cd-78f1baec5783,0.9614787,0.9895681,0.7906206
15fa874e-5393-4da8-888a-4b50da210ccd,2.6233814
b557d2ec-68c4-4022-9f79-070e0d159ed3,0.7858398
8c7e7081-ac78-4740-a1be-9a51c431e238,1.1368046
bdb571ea-2736-420c-8d8f-a67b66b86481,0.5837451
8392f9a2-c837-494e-862c-a8bbf1a442b8,0.8707493
e3569a18-1fc2-4e8f-b36e-d46dc2136707,0.86832833
3dc04f80-9e28-491b-8ebb-c806247fae18,0.0
d65e8b8c-0e67-4144-b844-ae8f5af2c94b,0.3171605
7fc83e76-54b5-429a-b76c-5e0ce6253499,0.0
6f5ec06c-99c4-4398-9ce8-36a4df7e50be,1.040648
c7def2ce-01fc-4ae8-949f-e71408291b4e,0.042428076
4078789d-a318-4b94-bec6-b2f19e617d3b,0.41128328
e030df66-1915-4570-bfd3-3c773a2a113e,0.056033313
c1d046e9-5932-4740-89f1-915d540471e0,0.8831928
c620323d-3104-47f2-b63b-3d1ccf3b69d3,0.3095562
47332941-4b2c-4c82-9c59-be7d35d9b9de,1.8813565
d6cbce6e-1a8f-450f-ac2a-83af0ee8c3d0,0.6136298,0.863862
b181a5b7-f836-42de-aec5-48d2bbbbcdff,1.743363
bf94866f-81c8-4a79-8543-9f02bad3adb0,0.17434955
a28c1e7e-61e3-43e3-8743-89077d3b41d1,1.2406199
cf3b3787-b818-480c-84b0-008a6d64fd8c,2.6794498
59efc72f-d139-4211-8447-579684faf7e8,1.0337027
38de1867-58db-42eb-a0bf-536c66a48491,0.22989774
d224c94f-29b5-4bb3-bed5-73cfd17f93ae,2.5892348
10b284a6-a828-4a27-988c-acdf482fcb56,0.6063414
d5fe0e1e-2e4d-4ea8-a09a-e91fee4b42f5,0.05696529
707716e5-03a2-4f15-91a8-68a74efa52b5,0.70270896
a4e96fea-c510-43df-ae10-2c61e97222d5,2.431799
e068167a-7fc1-4d4e-b6c5-b74f01ae8a52,1.0635942
2c1367bd-3c90-490b-a04d-1e10a841dbe3,0.6630569
95172959-2b90-4d0d-921b-03a31109038e,1.1330068
4b49bc03-55b9-473e-a258-a68b1c124deb,0.16447863
853289c4-c0fc-449c-a8f4-3640ea137a61,1.3243252
b781589c-70ff-41a1-a4ab-f2d969f630f5,0.08454645
835dcbee-5b98-43a2-bffc-9e0a0cf83846,1.3492372
d805f5b4-3907-4731-a1c1-5066c7ecb9cb,1.213721
834ae985-101e-4a88-acd8-0d3fedb9ecdb,0.43658537
ce01220a-0ce2-4fec-91e9-39f7e77c8050,1.7026664
4d1d7996-a0b5-4096-b390-248923575804,0.77182144
ad69b2b2-c1a2-4b8a-b1db-3d4ff975488f,0.44227603
71c889a1-56f6-4924-bdb1-8dfa987f785e,0.8231514
f6d1a88f-dfc6-40f9-aef9-d90727111239,0.21514067
778a45d7-6867-4fcc-b840-57101cb7283a,0.9396703,0.8194425,0.6812158
a997220e-0d56-4c1a-a32c-49860dafd38e,0.053874582
7598e18a-79c2-4936-a951-b9aedae10d31,1.1931354
e59e68e4-6bd7-4a99-a571-9672d1157eff,0.051856548
bd97529c-932c-43e3-bead-874907102176,0.10105592
c6e25c98-f550-4d31-a18f-68078c6995e6,0.0
72842e07-22f0-4492-aea6-a132dc1e79fa,0.7078603
211bebe6-0b20-4a0b-abd9-0e82ca99e932,0.70312536
7250c55b-93a0-4f42-afb8-18f822c73878,0.2657616,0.6353003,0.0812282
d589bfce-5199-47ee-8a42-caf14910620e,0.10286355
5da97c56-74b9-4785-80dd-29563347f400,0.3780264
f86e2d8b-1bc8-42b2-bf96-3f434f8c9027,0.5341827,0.455907,0.42149386
9e37d451-afba-494e-a531-e1c459c65a55,1.307632
0c4d4991-c1a0-4bd0-8cc7-c88af43bc471,0.8706615
d584bcd1-bfd6-4db9-acd0-356a66f8601b,0.2688321,0.04045385,0.47706214
39910578-e327-486d-8d18-22d11d09e402,2.0262947
fe00b6e9-c2f5-45eb-9e07-30ce480744ea,0.17010567,0.5585809
8c3f2e2c-7253-4aa0-ba36-849a401fd8aa,1.1453905
0b1aa762-6a2f-48b2-9189-48296eeb76c2,1.1304147
82966658-53ad-4c19-94b1-d10f0ab4cd7c,0.041873872
44bc5010-69e0-476b-8e37-32cc9751fb06,0.98459184
